Type,maximum_budget,maximum_budget_unit,case_study
0,0,MtCO2e,SG
1,112.663177,MtCO2e,SG
2,225.326355,MtCO2e,SG
3,337.989532,MtCO2e,SG
4,450.65271,MtCO2e,SG
5,563.315887,MtCO2e,SG
6,675.979064,MtCO2e,SG
7,788.642242,MtCO2e,SG
8,901.305419,MtCO2e,SG
9,1.01E+03,MtCO2e,SG
10,1.10E+03,MtCO2e,SG
11,0,MtCO2e,ID
12,349.37825,MtCO2e,ID
13,698.7565,MtCO2e,ID
14,1.05E+03,MtCO2e,ID
15,1.40E+03,MtCO2e,ID
16,1.75E+03,MtCO2e,ID
17,2.10E+03,MtCO2e,ID
18,2.11E+03,MtCO2e,ID
19,2.45E+03,MtCO2e,ID
20,2.80E+03,MtCO2e,ID
21,3.14E+03,MtCO2e,ID
22,0,MtCO2e,MY
23,175.806881,MtCO2e,MY
24,351.613762,MtCO2e,MY
25,472.836267,MtCO2e,MY
26,527.420643,MtCO2e,MY
27,703.227524,MtCO2e,MY
28,879.034405,MtCO2e,MY
29,945.672533,MtCO2e,MY
30,1.05E+03,MtCO2e,MY
31,1.23E+03,MtCO2e,MY
32,1.41E+03,MtCO2e,MY
33,0,MtCO2e,ID-SG
34,472.035663,MtCO2e,ID-SG
35,944.071326,MtCO2e,ID-SG
36,1.42E+03,MtCO2e,ID-SG
37,1.89E+03,MtCO2e,ID-SG
38,2.22E+03,MtCO2e,ID-SG
39,2.36E+03,MtCO2e,ID-SG
40,2.83E+03,MtCO2e,ID-SG
41,3.30E+03,MtCO2e,ID-SG
42,3.78E+03,MtCO2e,ID-SG
43,4.25E+03,MtCO2e,ID-SG
44,3.42E+03,MtCO2e,MY-SG
45,2732.404909,MtCO2e,MY-SG
46,2049.303682,MtCO2e,MY-SG
47,1366.202455,MtCO2e,MY-SG
48,683.1012274,MtCO2e,MY-SG
49,0,MtCO2e,MY-SG
50,798.26862,MtCO2e,MY-SG
51,1596.53724,MtCO2e,MY-SG
52,2394.80586,MtCO2e,MY-SG
53,3193.07448,MtCO2e,MY-SG
54,3.99E+03,MtCO2e,MY-SG
55,8.69E+03,MtCO2e,ID-MY
56,5792.7124,MtCO2e,ID-MY
57,2896.3562,MtCO2e,ID-MY
58,0,MtCO2e,ID-MY
59,1259.346429,MtCO2e,ID-MY
60,2518.692857,MtCO2e,ID-MY
61,3778.039286,MtCO2e,ID-MY
62,5037.385714,MtCO2e,ID-MY
63,6296.732143,MtCO2e,ID-MY
64,7556.078571,MtCO2e,ID-MY
65,8.82E+03,MtCO2e,ID-MY
66,9.03E+03,MtCO2e,ID-MY-SG
67,6019.84715,MtCO2e,ID-MY-SG
68,3009.923575,MtCO2e,ID-MY-SG
69,0,MtCO2e,ID-MY-SG
70,1420.0413,MtCO2e,ID-MY-SG
71,2840.0826,MtCO2e,ID-MY-SG
72,4260.1239,MtCO2e,ID-MY-SG
73,5680.1652,MtCO2e,ID-MY-SG
74,7100.2065,MtCO2e,ID-MY-SG
75,8520.2478,MtCO2e,ID-MY-SG
76,9.94E+03,MtCO2e,ID-MY-SG
77,0,MtCO2e,PH
78,59.291846,MtCO2e,PH
79,118.583692,MtCO2e,PH
80,177.875538,MtCO2e,PH
81,237.167384,MtCO2e,PH
82,296.45923,MtCO2e,PH
83,355.751076,MtCO2e,PH
84,415.042923,MtCO2e,PH
85,434.153687,MtCO2e,PH
86,474.334769,MtCO2e,PH
87,533.626615,MtCO2e,PH
88,0,MtCO2e,VN
89,121.731285,MtCO2e,VN
90,243.462571,MtCO2e,VN
91,365.193856,MtCO2e,VN
92,486.925141,MtCO2e,VN
93,608.656427,MtCO2e,VN
94,730.387712,MtCO2e,VN
95,764.871096,MtCO2e,VN
96,852.118997,MtCO2e,VN
97,973.850283,MtCO2e,VN
98,1.10E+03,MtCO2e,VN
99,0,MtCO2e,TH
100,199.234205,MtCO2e,TH
101,398.468409,MtCO2e,TH
102,597.702614,MtCO2e,TH
103,788.10739,MtCO2e,TH
104,796.936819,MtCO2e,TH
105,996.171024,MtCO2e,TH
106,1.20E+03,MtCO2e,TH
107,1.39E+03,MtCO2e,TH
108,1.58E+03,MtCO2e,TH
109,1.59E+03,MtCO2e,TH
110,0,MtCO2e,KH
111,14.029516,MtCO2e,KH
112,28.059033,MtCO2e,KH
113,42.088549,MtCO2e,KH
114,49.797031,MtCO2e,KH
115,56.118066,MtCO2e,KH
116,70.147582,MtCO2e,KH
117,84.177098,MtCO2e,KH
118,98.206615,MtCO2e,KH
119,99.594063,MtCO2e,KH
120,112.236131,MtCO2e,KH
121,0,MtCO2e,LA
122,0.000051,MtCO2e,LA
123,0.000101,MtCO2e,LA
124,0.000152,MtCO2e,LA
125,0.000203,MtCO2e,LA
126,0.000253,MtCO2e,LA
127,0.000304,MtCO2e,LA
128,0.000354,MtCO2e,LA
129,0.000405,MtCO2e,LA
130,0.000456,MtCO2e,LA
131,0.000506,MtCO2e,LA
132,6.00E+03,MtCO2e,ID-PH-SG
133,2997.939888,MtCO2e,ID-PH-SG
134,0,MtCO2e,ID-PH-SG
135,1081.876388,MtCO2e,ID-PH-SG
136,2163.752775,MtCO2e,ID-PH-SG
137,3245.629163,MtCO2e,ID-PH-SG
138,4327.50555,MtCO2e,ID-PH-SG
139,5409.381938,MtCO2e,ID-PH-SG
140,6491.258325,MtCO2e,ID-PH-SG
141,7573.134713,MtCO2e,ID-PH-SG
142,8.66E+03,MtCO2e,ID-PH-SG
143,1.07E+04,MtCO2e,ID-MY-PH-SG
144,7134.947481,MtCO2e,ID-MY-PH-SG
145,3567.473741,MtCO2e,ID-MY-PH-SG
146,0,MtCO2e,ID-MY-PH-SG
147,1645.927157,MtCO2e,ID-MY-PH-SG
148,3291.854314,MtCO2e,ID-MY-PH-SG
149,4937.781471,MtCO2e,ID-MY-PH-SG
150,6583.708629,MtCO2e,ID-MY-PH-SG
151,8229.635786,MtCO2e,ID-MY-PH-SG
152,9875.562943,MtCO2e,ID-MY-PH-SG
153,1.15E+04,MtCO2e,ID-MY-PH-SG
154,1.04E+04,MtCO2e,ID-MY-PH
155,6907.812731,MtCO2e,ID-MY-PH
156,3453.906365,MtCO2e,ID-MY-PH
157,0,MtCO2e,ID-MY-PH
158,1485.232286,MtCO2e,ID-MY-PH
159,2970.464571,MtCO2e,ID-MY-PH
160,4455.696857,MtCO2e,ID-MY-PH
161,5940.929143,MtCO2e,ID-MY-PH
162,7426.161429,MtCO2e,ID-MY-PH
163,8911.393714,MtCO2e,ID-MY-PH
164,1.04E+04,MtCO2e,ID-MY-PH
165,5.77E+03,MtCO2e,ID-PH
166,2884.372513,MtCO2e,ID-PH
167,0,MtCO2e,ID-PH
168,941.268375,MtCO2e,ID-PH
169,1882.53675,MtCO2e,ID-PH
170,2823.805125,MtCO2e,ID-PH
171,3765.0735,MtCO2e,ID-PH
172,4706.341875,MtCO2e,ID-PH
173,5647.61025,MtCO2e,ID-PH
174,6588.878625,MtCO2e,ID-PH
175,7.53E+03,MtCO2e,ID-PH
176,4.96E+03,MtCO2e,MY-PH-SG
177,3721.954179,MtCO2e,MY-PH-SG
178,2481.302786,MtCO2e,MY-PH-SG
179,1240.651393,MtCO2e,MY-PH-SG
180,0,MtCO2e,MY-PH-SG
181,928.75735,MtCO2e,MY-PH-SG
182,1857.5147,MtCO2e,MY-PH-SG
183,2786.27205,MtCO2e,MY-PH-SG
184,3715.0294,MtCO2e,MY-PH-SG
185,4643.78675,MtCO2e,MY-PH-SG
186,5.57E+03,MtCO2e,MY-PH-SG
187,2.68E+03,MtCO2e,PH-SG
188,2013.352622,MtCO2e,PH-SG
189,1342.235082,MtCO2e,PH-SG
190,671.1175408,MtCO2e,PH-SG
191,0,MtCO2e,PH-SG
192,451.01085,MtCO2e,PH-SG
193,902.0217,MtCO2e,PH-SG
194,1353.03255,MtCO2e,PH-SG
195,1804.0434,MtCO2e,PH-SG
196,2255.05425,MtCO2e,PH-SG
197,2.71E+03,MtCO2e,PH-SG
198,3.38E+03,MtCO2e,MY-PH
199,2254.168036,MtCO2e,MY-PH
200,1127.084018,MtCO2e,MY-PH
201,0,MtCO2e,MY-PH
202,635.3828571,MtCO2e,MY-PH
203,1270.765714,MtCO2e,MY-PH
204,1906.148571,MtCO2e,MY-PH
205,2541.531429,MtCO2e,MY-PH
206,3176.914286,MtCO2e,MY-PH
207,3812.297143,MtCO2e,MY-PH
208,4.45E+03,MtCO2e,MY-PH
209,3783.969148,MtCO2e,TH-VN
210,1891.984574,MtCO2e,TH-VN
211,0,MtCO2e,TH-VN
212,561.0226875,MtCO2e,TH-VN
213,1122.045375,MtCO2e,TH-VN
214,1683.068063,MtCO2e,TH-VN
215,2244.09075,MtCO2e,TH-VN
216,2805.113438,MtCO2e,TH-VN
217,3366.136125,MtCO2e,TH-VN
218,3927.158813,MtCO2e,TH-VN
219,4488.1815,MtCO2e,TH-VN
220,2155.176818,MtCO2e,LA-VN
221,1077.588409,MtCO2e,LA-VN
222,0,MtCO2e,LA-VN
223,321.5467463,MtCO2e,LA-VN
224,643.0934925,MtCO2e,LA-VN
225,964.6402388,MtCO2e,LA-VN
226,1286.186985,MtCO2e,LA-VN
227,1607.733731,MtCO2e,LA-VN
228,1929.280478,MtCO2e,LA-VN
229,2250.827224,MtCO2e,LA-VN
230,2572.37397,MtCO2e,LA-VN
231,2264.048353,MtCO2e,KH-VN
232,1132.024176,MtCO2e,KH-VN
233,0,MtCO2e,KH-VN
234,347.630145,MtCO2e,KH-VN
235,695.26029,MtCO2e,KH-VN
236,1042.890435,MtCO2e,KH-VN
237,1390.52058,MtCO2e,KH-VN
238,1738.150725,MtCO2e,KH-VN
239,2085.78087,MtCO2e,KH-VN
240,2433.411015,MtCO2e,KH-VN
241,2781.04116,MtCO2e,KH-VN
242,1708.072223,MtCO2e,LA-TH
243,854.0361114,MtCO2e,LA-TH
244,0,MtCO2e,LA-TH
245,254.6132588,MtCO2e,LA-TH
246,509.2265175,MtCO2e,LA-TH
247,763.8397763,MtCO2e,LA-TH
248,1018.453035,MtCO2e,LA-TH
249,1273.066294,MtCO2e,LA-TH
250,1527.679553,MtCO2e,LA-TH
251,1782.292811,MtCO2e,LA-TH
252,2036.90607,MtCO2e,LA-TH
253,1816.943757,MtCO2e,KH-TH
254,908.4718786,MtCO2e,KH-TH
255,0,MtCO2e,KH-TH
256,280.6966575,MtCO2e,KH-TH
257,561.393315,MtCO2e,KH-TH
258,842.0899725,MtCO2e,KH-TH
259,1122.78663,MtCO2e,KH-TH
260,1403.483288,MtCO2e,KH-TH
261,1684.179945,MtCO2e,KH-TH
262,1964.876603,MtCO2e,KH-TH
263,2245.57326,MtCO2e,KH-TH
264,3823.609094,MtCO2e,LA-TH-VN
265,1911.804547,MtCO2e,LA-TH-VN
266,0,MtCO2e,LA-TH-VN
267,568.5913463,MtCO2e,LA-TH-VN
268,1137.182693,MtCO2e,LA-TH-VN
269,1705.774039,MtCO2e,LA-TH-VN
270,2274.365385,MtCO2e,LA-TH-VN
271,2842.956731,MtCO2e,LA-TH-VN
272,3411.548078,MtCO2e,LA-TH-VN
273,3980.139424,MtCO2e,LA-TH-VN
274,4548.73077,MtCO2e,LA-TH-VN
275,3932.480629,MtCO2e,KH-TH-VN
276,1966.240314,MtCO2e,KH-TH-VN
277,0,MtCO2e,KH-TH-VN
278,594.674745,MtCO2e,KH-TH-VN
279,1189.34949,MtCO2e,KH-TH-VN
280,1784.024235,MtCO2e,KH-TH-VN
281,2378.69898,MtCO2e,KH-TH-VN
282,2973.373725,MtCO2e,KH-TH-VN
283,3568.04847,MtCO2e,KH-TH-VN
284,4162.723215,MtCO2e,KH-TH-VN
285,4757.39796,MtCO2e,KH-TH-VN
286,1856.583704,MtCO2e,KH-LA-TH
287,928.2918519,MtCO2e,KH-LA-TH
288,0,MtCO2e,KH-LA-TH
289,288.2653163,MtCO2e,KH-LA-TH
290,576.5306325,MtCO2e,KH-LA-TH
291,864.7959488,MtCO2e,KH-LA-TH
292,1153.061265,MtCO2e,KH-LA-TH
293,1441.326581,MtCO2e,KH-LA-TH
294,1729.591898,MtCO2e,KH-LA-TH
295,2017.857214,MtCO2e,KH-LA-TH
296,2306.12253,MtCO2e,KH-LA-TH
297,3972.120575,MtCO2e,KH-LA-TH-VN
298,1986.060288,MtCO2e,KH-LA-TH-VN
299,0,MtCO2e,KH-LA-TH-VN
300,602.2434038,MtCO2e,KH-LA-TH-VN
301,1204.486808,MtCO2e,KH-LA-TH-VN
302,1806.730211,MtCO2e,KH-LA-TH-VN
303,2408.973615,MtCO2e,KH-LA-TH-VN
304,3011.217019,MtCO2e,KH-LA-TH-VN
305,3613.460423,MtCO2e,KH-LA-TH-VN
306,4215.703826,MtCO2e,KH-LA-TH-VN
307,4817.94723,MtCO2e,KH-LA-TH-VN
308,282.2271417,MtCO2e,KH-LA
309,188.1514278,MtCO2e,KH-LA
310,94.07571392,MtCO2e,KH-LA
311,0,MtCO2e,KH-LA
312,47.10939,MtCO2e,KH-LA
313,94.21878,MtCO2e,KH-LA
314,141.32817,MtCO2e,KH-LA
315,188.43756,MtCO2e,KH-LA
316,235.54695,MtCO2e,KH-LA
317,282.65634,MtCO2e,KH-LA
318,329.76573,MtCO2e,KH-LA
319,2303.688299,MtCO2e,KH-LA-VN
320,1151.84415,MtCO2e,KH-LA-VN
321,0,MtCO2e,KH-LA-VN
322,355.1988038,MtCO2e,KH-LA-VN
323,710.3976075,MtCO2e,KH-LA-VN
324,1065.596411,MtCO2e,KH-LA-VN
325,1420.795215,MtCO2e,KH-LA-VN
326,1775.994019,MtCO2e,KH-LA-VN
327,2131.192823,MtCO2e,KH-LA-VN
328,2486.391626,MtCO2e,KH-LA-VN
329,2841.59043,MtCO2e,KH-LA-VN
330,1000000,MTCO2e,BAU
331,0,MtCO2e,BN
332,19.78148,MtCO2e,BN
333,32.886679,MtCO2e,BN
334,39.56296,MtCO2e,BN
335,59.344439,MtCO2e,BN
336,65.773358,MtCO2e,BN
337,79.125919,MtCO2e,BN
338,98.660037,MtCO2e,BN
339,98.907399,MtCO2e,BN
340,118.688879,MtCO2e,BN
341,131.546717,MtCO2e,BN
342,0,MtCO2e,MA
343,26.325085,MtCO2e,MA
344,52.65017,MtCO2e,MA
345,78.975256,MtCO2e,MA
346,105.300341,MtCO2e,MA
347,131.625426,MtCO2e,MA
348,157.950511,MtCO2e,MA
349,184.275597,MtCO2e,MA
350,203.821646,MtCO2e,MA
351,210.600682,MtCO2e,MA
352,236.925767,MtCO2e,MA
353,0,MtCO2e,KE
354,11.248404,MtCO2e,KE
355,22.496807,MtCO2e,KE
356,33.745211,MtCO2e,KE
357,35.182741,MtCO2e,KE
358,44.993614,MtCO2e,KE
359,56.242018,MtCO2e,KE
360,67.490421,MtCO2e,KE
361,70.365483,MtCO2e,KE
362,78.738825,MtCO2e,KE
363,89.987229,MtCO2e,KE
364,0,MtCO2e,ZA
365,106.964599,MtCO2e,ZA
366,213.929199,MtCO2e,ZA
367,320.893798,MtCO2e,ZA
368,427.858397,MtCO2e,ZA
369,534.822997,MtCO2e,ZA
370,641.787596,MtCO2e,ZA
371,696.981912,MtCO2e,ZA
372,748.752195,MtCO2e,ZA
373,855.716794,MtCO2e,ZA
374,962.681394,MtCO2e,ZA
375,0,MtCO2e,KR
376,422.027103,MtCO2e,KR
377,844.054205,MtCO2e,KR
378,905.913179,MtCO2e,KR
379,1.27E+03,MtCO2e,KR
380,1.69E+03,MtCO2e,KR
381,1.81E+03,MtCO2e,KR
382,2.11E+03,MtCO2e,KR
383,2.53E+03,MtCO2e,KR
384,2.72E+03,MtCO2e,KR
385,2.95E+03,MtCO2e,KR
386,0,MtCO2e,EG
387,67.899776,MtCO2e,EG
388,135.799551,MtCO2e,EG
389,203.699327,MtCO2e,EG
390,271.599102,MtCO2e,EG
391,339.498878,MtCO2e,EG
392,407.398654,MtCO2e,EG
393,475.298429,MtCO2e,EG
394,543.198205,MtCO2e,EG
395,611.097981,MtCO2e,EG
396,678.997756,MtCO2e,EG
397,0,MtCO2e,NG
398,204.455886,MtCO2e,NG
399,408.911772,MtCO2e,NG
400,613.367659,MtCO2e,NG
401,813.702398,MtCO2e,NG
402,817.823545,MtCO2e,NG
403,1.02E+03,MtCO2e,NG
404,1.23E+03,MtCO2e,NG
405,1.43E+03,MtCO2e,NG
406,1.63E+03,MtCO2e,NG
407,1.64E+03,MtCO2e,NG
408,0,MtCO2e,BR
409,8.151753,MtCO2e,BR
410,16.303506,MtCO2e,BR
411,24.455259,MtCO2e,BR
412,32.607012,MtCO2e,BR
413,40.758765,MtCO2e,BR
414,48.910518,MtCO2e,BR
415,57.062271,MtCO2e,BR
416,65.214024,MtCO2e,BR
417,73.365777,MtCO2e,BR
418,81.51753,MtCO2e,BR
419,0,MtCO2e,CO
420,4.728494,MtCO2e,CO
421,9.456987,MtCO2e,CO
422,14.185481,MtCO2e,CO
423,18.913974,MtCO2e,CO
424,23.642468,MtCO2e,CO
425,28.370962,MtCO2e,CO
426,33.099455,MtCO2e,CO
427,37.827949,MtCO2e,CO
428,42.556442,MtCO2e,CO
429,47.284936,MtCO2e,CO
430,0,MtCO2e,PE
431,0.009298,MtCO2e,PE
432,0.018597,MtCO2e,PE
433,0.027895,MtCO2e,PE
434,0.037193,MtCO2e,PE
435,0.046492,MtCO2e,PE
436,0.05579,MtCO2e,PE
437,0.065088,MtCO2e,PE
438,0.074387,MtCO2e,PE
439,0.083685,MtCO2e,PE
440,0.092983,MtCO2e,PE
441,0,MtCO2e,CL
442,3.776228,MtCO2e,CL
443,7.552455,MtCO2e,CL
444,11.328683,MtCO2e,CL
445,15.104911,MtCO2e,CL
446,18.881138,MtCO2e,CL
447,22.657366,MtCO2e,CL
448,26.433594,MtCO2e,CL
449,30.209821,MtCO2e,CL
450,33.986049,MtCO2e,CL
451,37.762277,MtCO2e,CL
452,1012.369442,MtCO2e,EG-MA
453,0,MtCO2e,EG-MA
454,113.6762599,MtCO2e,EG-MA
455,227.3525197,MtCO2e,EG-MA
456,341.0287796,MtCO2e,EG-MA
457,454.7050395,MtCO2e,EG-MA
458,568.3812993,MtCO2e,EG-MA
459,682.0575592,MtCO2e,EG-MA
460,795.7338191,MtCO2e,EG-MA
461,909.4100789,MtCO2e,EG-MA
462,1023.086339,MtCO2e,EG-MA
463,2218.059371,MtCO2e,MA-NG
464,1109.029686,MtCO2e,MA-NG
465,0,MtCO2e,MA-NG
466,305.3999079,MtCO2e,MA-NG
467,610.7998158,MtCO2e,MA-NG
468,916.1997238,MtCO2e,MA-NG
469,1221.599632,MtCO2e,MA-NG
470,1526.99954,MtCO2e,MA-NG
471,1832.399448,MtCO2e,MA-NG
472,2137.799355,MtCO2e,MA-NG
473,2443.199263,MtCO2e,MA-NG
474,1878.617418,MtCO2e,EG-MA-NG
475,0,MtCO2e,EG-MA-NG
476,350.7784539,MtCO2e,EG-MA-NG
477,701.5569078,MtCO2e,EG-MA-NG
478,1052.335362,MtCO2e,EG-MA-NG
479,1403.113816,MtCO2e,EG-MA-NG
480,1753.89227,MtCO2e,EG-MA-NG
481,2104.670724,MtCO2e,EG-MA-NG
482,2455.449177,MtCO2e,EG-MA-NG
483,2806.227631,MtCO2e,EG-MA-NG
484,3157.006085,MtCO2e,EG-MA-NG
485,1050.209419,MtCO2e,EG-KE-MA
486,0,MtCO2e,EG-KE-MA
487,128.8080502,MtCO2e,EG-KE-MA
488,257.6161005,MtCO2e,EG-KE-MA
489,386.4241507,MtCO2e,EG-KE-MA
490,515.232201,MtCO2e,EG-KE-MA
491,644.0402512,MtCO2e,EG-KE-MA
492,772.8483015,MtCO2e,EG-KE-MA
493,901.6563517,MtCO2e,EG-KE-MA
494,1030.464402,MtCO2e,EG-KE-MA
495,1159.272452,MtCO2e,EG-KE-MA
496,2293.739324,MtCO2e,KE-MA-NG
497,1146.869662,MtCO2e,KE-MA-NG
498,0,MtCO2e,KE-MA-NG
499,322.4231721,MtCO2e,KE-MA-NG
500,644.8463442,MtCO2e,KE-MA-NG
501,967.2695163,MtCO2e,KE-MA-NG
502,1289.692688,MtCO2e,KE-MA-NG
503,1612.11586,MtCO2e,KE-MA-NG
504,1934.539033,MtCO2e,KE-MA-NG
505,2256.962205,MtCO2e,KE-MA-NG
506,2579.385377,MtCO2e,KE-MA-NG
507,1916.457394,MtCO2e,EG-KE-MA-NG
508,0,MtCO2e,EG-KE-MA-NG
509,365.9102443,MtCO2e,EG-KE-MA-NG
510,731.8204886,MtCO2e,EG-KE-MA-NG
511,1097.730733,MtCO2e,EG-KE-MA-NG
512,1463.640977,MtCO2e,EG-KE-MA-NG
513,1829.551221,MtCO2e,EG-KE-MA-NG
514,2195.461466,MtCO2e,EG-KE-MA-NG
515,2561.37171,MtCO2e,EG-KE-MA-NG
516,2927.281954,MtCO2e,EG-KE-MA-NG
517,3293.192199,MtCO2e,EG-KE-MA-NG
518,280.6216867,MtCO2e,KE-MA
519,0,MtCO2e,KE-MA
520,49.49618114,MtCO2e,KE-MA
521,98.99236229,MtCO2e,KE-MA
522,148.4885434,MtCO2e,KE-MA
523,197.9847246,MtCO2e,KE-MA
524,247.4809057,MtCO2e,KE-MA
525,296.9770869,MtCO2e,KE-MA
526,346.473268,MtCO2e,KE-MA
527,395.9694492,MtCO2e,KE-MA
528,445.4656303,MtCO2e,KE-MA
529,1635.835707,MtCO2e,EG-NG
530,0,MtCO2e,EG-NG
531,316.4140631,MtCO2e,EG-NG
532,632.8281263,MtCO2e,EG-NG
533,949.2421894,MtCO2e,EG-NG
534,1265.656253,MtCO2e,EG-NG
535,1582.070316,MtCO2e,EG-NG
536,1898.484379,MtCO2e,EG-NG
537,2214.898442,MtCO2e,EG-NG
538,2531.312505,MtCO2e,EG-NG
539,2847.726568,MtCO2e,EG-NG
540,807.4277084,MtCO2e,EG-KE
541,0,MtCO2e,EG-KE
542,94.44365947,MtCO2e,EG-KE
543,188.8873189,MtCO2e,EG-KE
544,283.3309784,MtCO2e,EG-KE
545,377.7746379,MtCO2e,EG-KE
546,472.2182974,MtCO2e,EG-KE
547,566.6619568,MtCO2e,EG-KE
548,661.1056163,MtCO2e,EG-KE
549,755.5492758,MtCO2e,EG-KE
550,849.9929353,MtCO2e,EG-KE
551,1673.675684,MtCO2e,EG-KE-NG
552,0,MtCO2e,EG-KE-NG
553,331.5458535,MtCO2e,EG-KE-NG
554,663.091707,MtCO2e,EG-KE-NG
555,994.6375606,MtCO2e,EG-KE-NG
556,1326.183414,MtCO2e,EG-KE-NG
557,1657.729268,MtCO2e,EG-KE-NG
558,1989.275121,MtCO2e,EG-KE-NG
559,2320.820975,MtCO2e,EG-KE-NG
560,2652.366828,MtCO2e,EG-KE-NG
561,2983.912682,MtCO2e,EG-KE-NG
562,1808.175903,MtCO2e,KE-NG
563,904.0879517,MtCO2e,KE-NG
564,0,MtCO2e,KE-NG
565,283.7632325,MtCO2e,KE-NG
566,567.526465,MtCO2e,KE-NG
567,851.2896974,MtCO2e,KE-NG
568,1135.05293,MtCO2e,KE-NG
569,1418.816162,MtCO2e,KE-NG
570,1702.579395,MtCO2e,KE-NG
571,1986.342627,MtCO2e,KE-NG
572,2270.10586,MtCO2e,KE-NG
573,2002.378563,MtCO2e,BR-CL
574,1001.189281,MtCO2e,BR-CL
575,0,MtCO2e,BR-CL
576,308.9740034,MtCO2e,BR-CL
577,617.9480069,MtCO2e,BR-CL
578,926.9220103,MtCO2e,BR-CL
579,1235.896014,MtCO2e,BR-CL
580,1544.870017,MtCO2e,BR-CL
581,1853.844021,MtCO2e,BR-CL
582,2162.818024,MtCO2e,BR-CL
583,2471.792028,MtCO2e,BR-CL
584,1955.72292,MtCO2e,BR-CO
585,977.8614599,MtCO2e,BR-CO
586,0,MtCO2e,BR-CO
587,357.4486023,MtCO2e,BR-CO
588,714.8972046,MtCO2e,BR-CO
589,1072.345807,MtCO2e,BR-CO
590,1429.794409,MtCO2e,BR-CO
591,1787.243012,MtCO2e,BR-CO
592,2144.691614,MtCO2e,BR-CO
593,2502.140216,MtCO2e,BR-CO
594,2859.588819,MtCO2e,BR-CO
595,1858.560638,MtCO2e,BR-PE
596,929.2803191,MtCO2e,BR-PE
597,0,MtCO2e,BR-PE
598,335.4943318,MtCO2e,BR-PE
599,670.9886636,MtCO2e,BR-PE
600,1006.482995,MtCO2e,BR-PE
601,1341.977327,MtCO2e,BR-PE
602,1677.471659,MtCO2e,BR-PE
603,2012.965991,MtCO2e,BR-PE
604,2348.460322,MtCO2e,BR-PE
605,2683.954654,MtCO2e,BR-PE
606,2215.213442,MtCO2e,BR-CL-PE
607,1107.606721,MtCO2e,BR-CL-PE
608,0,MtCO2e,BR-CL-PE
609,344.8639119,MtCO2e,BR-CL-PE
610,689.7278239,MtCO2e,BR-CL-PE
611,1034.591736,MtCO2e,BR-CL-PE
612,1379.455648,MtCO2e,BR-CL-PE
613,1724.31956,MtCO2e,BR-CL-PE
614,2069.183472,MtCO2e,BR-CL-PE
615,2414.047384,MtCO2e,BR-CL-PE
616,2758.911295,MtCO2e,BR-CL-PE
617,2312.375724,MtCO2e,BR-CL-CO
618,1156.187862,MtCO2e,BR-CL-CO
619,0,MtCO2e,BR-CL-CO
620,366.8181825,MtCO2e,BR-CL-CO
621,733.6363649,MtCO2e,BR-CL-CO
622,1100.454547,MtCO2e,BR-CL-CO
623,1467.27273,MtCO2e,BR-CL-CO
624,1834.090912,MtCO2e,BR-CL-CO
625,2200.909095,MtCO2e,BR-CL-CO
626,2567.727277,MtCO2e,BR-CL-CO
627,2934.54546,MtCO2e,BR-CL-CO
628,2168.5578,MtCO2e,BR-CO-PE
629,1084.2789,MtCO2e,BR-CO-PE
630,0,MtCO2e,BR-CO-PE
631,393.3385108,MtCO2e,BR-CO-PE
632,786.6770216,MtCO2e,BR-CO-PE
633,1180.015532,MtCO2e,BR-CO-PE
634,1573.354043,MtCO2e,BR-CO-PE
635,1966.692554,MtCO2e,BR-CO-PE
636,2360.031065,MtCO2e,BR-CO-PE
637,2753.369576,MtCO2e,BR-CO-PE
638,3146.708086,MtCO2e,BR-CO-PE
639,2525.210604,MtCO2e,BR-CL-CO-PE
640,1262.605302,MtCO2e,BR-CL-CO-PE
641,0,MtCO2e,BR-CL-CO-PE
642,402.708091,MtCO2e,BR-CL-CO-PE
643,805.4161819,MtCO2e,BR-CL-CO-PE
644,1208.124273,MtCO2e,BR-CL-CO-PE
645,1610.832364,MtCO2e,BR-CL-CO-PE
646,2013.540455,MtCO2e,BR-CL-CO-PE
647,2416.248546,MtCO2e,BR-CL-CO-PE
648,2818.956637,MtCO2e,BR-CL-CO-PE
649,3221.664728,MtCO2e,BR-CL-CO-PE
650,333.3249828,MtCO2e,CL-CO
651,0,MtCO2e,CL-CO
652,59.74556372,MtCO2e,CL-CO
653,119.4911274,MtCO2e,CL-CO
654,179.2366911,MtCO2e,CL-CO
655,238.9822549,MtCO2e,CL-CO
656,298.7278186,MtCO2e,CL-CO
657,358.4733823,MtCO2e,CL-CO
658,418.218946,MtCO2e,CL-CO
659,477.9645097,MtCO2e,CL-CO
660,537.7100734,MtCO2e,CL-CO
661,522.8320412,MtCO2e,CO-PE
662,261.4160206,MtCO2e,CO-PE
663,0,MtCO2e,CO-PE
664,93.73408751,MtCO2e,CO-PE
665,187.468175,MtCO2e,CO-PE
666,281.2022625,MtCO2e,CO-PE
667,374.9363501,MtCO2e,CO-PE
668,468.6704376,MtCO2e,CO-PE
669,562.4045251,MtCO2e,CO-PE
670,656.1386126,MtCO2e,CO-PE
671,749.8727001,MtCO2e,CO-PE
672,439.7424227,MtCO2e,CL-CO-PE
673,0,MtCO2e,CL-CO-PE
674,91.64770459,MtCO2e,CL-CO-PE
675,183.2954092,MtCO2e,CL-CO-PE
676,274.9431138,MtCO2e,CL-CO-PE
677,366.5908184,MtCO2e,CL-CO-PE
678,458.238523,MtCO2e,CL-CO-PE
679,549.8862276,MtCO2e,CL-CO-PE
680,641.5339322,MtCO2e,CL-CO-PE
681,733.1816367,MtCO2e,CL-CO-PE
682,824.8293413,MtCO2e,CL-CO-PE
683,2904.75148,MtCO2e,KR-LA
684,1936.500986,MtCO2e,KR-LA
685,968.2504932,MtCO2e,KR-LA
686,0,MtCO2e,KR-LA
687,488.8341479,MtCO2e,KR-LA
688,977.6682959,MtCO2e,KR-LA
689,1466.502444,MtCO2e,KR-LA
690,1955.336592,MtCO2e,KR-LA
691,2444.17074,MtCO2e,KR-LA
692,2933.004888,MtCO2e,KR-LA
693,3421.839036,MtCO2e,KR-LA
694,3565.293316,MtCO2e,KR-TH
695,1782.646658,MtCO2e,KR-TH
696,0,MtCO2e,KR-TH
697,667.2058207,MtCO2e,KR-TH
698,1334.411641,MtCO2e,KR-TH
699,2001.617462,MtCO2e,KR-TH
700,2668.823283,MtCO2e,KR-TH
701,3336.029104,MtCO2e,KR-TH
702,4003.234924,MtCO2e,KR-TH
703,4670.440745,MtCO2e,KR-TH
704,5337.646566,MtCO2e,KR-TH
705,3604.933262,MtCO2e,KR-LA-TH
706,1802.466631,MtCO2e,KR-LA-TH
707,0,MtCO2e,KR-LA-TH
708,674.7744795,MtCO2e,KR-LA-TH
709,1349.548959,MtCO2e,KR-LA-TH
710,2024.323438,MtCO2e,KR-LA-TH
711,2699.097918,MtCO2e,KR-LA-TH
712,3373.872397,MtCO2e,KR-LA-TH
713,4048.646877,MtCO2e,KR-LA-TH
714,4723.421356,MtCO2e,KR-LA-TH
715,5398.195836,MtCO2e,KR-LA-TH
716,5680.830187,MtCO2e,KR-TH-VN
717,2840.415094,MtCO2e,KR-TH-VN
718,0,MtCO2e,KR-TH-VN
719,981.1839082,MtCO2e,KR-TH-VN
720,1962.367816,MtCO2e,KR-TH-VN
721,2943.551725,MtCO2e,KR-TH-VN
722,3924.735633,MtCO2e,KR-TH-VN
723,4905.919541,MtCO2e,KR-TH-VN
724,5887.103449,MtCO2e,KR-TH-VN
725,6868.287357,MtCO2e,KR-TH-VN
726,7849.471266,MtCO2e,KR-TH-VN
727,5720.470134,MtCO2e,KR-LA-TH-VN
728,2860.235067,MtCO2e,KR-LA-TH-VN
729,0,MtCO2e,KR-LA-TH-VN
730,988.752567,MtCO2e,KR-LA-TH-VN
731,1977.505134,MtCO2e,KR-LA-TH-VN
732,2966.257701,MtCO2e,KR-LA-TH-VN
733,3955.010268,MtCO2e,KR-LA-TH-VN
734,4943.762835,MtCO2e,KR-LA-TH-VN
735,5932.515402,MtCO2e,KR-LA-TH-VN
736,6921.267969,MtCO2e,KR-LA-TH-VN
737,7910.020536,MtCO2e,KR-LA-TH-VN
738,284.743842,MtCO2e,CL-PE
739,0,MtCO2e,CL-PE
740,40.23065657,MtCO2e,CL-PE
741,80.46131314,MtCO2e,CL-PE
742,120.6919697,MtCO2e,CL-PE
743,160.9226263,MtCO2e,CL-PE
744,201.1532828,MtCO2e,CL-PE
745,241.3839394,MtCO2e,CL-PE
746,281.614596,MtCO2e,CL-PE
747,321.8452525,MtCO2e,CL-PE
748,362.0759091,MtCO2e,CL-PE
749,1532.671593,MtCO2e,EG-ZA
750,0,MtCO2e,EG-ZA
751,191.9695155,MtCO2e,EG-ZA
752,383.9390309,MtCO2e,EG-ZA
753,575.9085464,MtCO2e,EG-ZA
754,767.8780619,MtCO2e,EG-ZA
755,959.8475773,MtCO2e,EG-ZA
756,1151.817093,MtCO2e,EG-ZA
757,1343.786608,MtCO2e,EG-ZA
758,1535.756124,MtCO2e,EG-ZA
759,1727.725639,MtCO2e,EG-ZA
760,2398.919568,MtCO2e,EG-NG-ZA
761,0,MtCO2e,EG-NG-ZA
762,429.0717095,MtCO2e,EG-NG-ZA
763,858.143419,MtCO2e,EG-NG-ZA
764,1287.215129,MtCO2e,EG-NG-ZA
765,1716.286838,MtCO2e,EG-NG-ZA
766,2145.358548,MtCO2e,EG-NG-ZA
767,2574.430257,MtCO2e,EG-NG-ZA
768,3003.501967,MtCO2e,EG-NG-ZA
769,3432.573676,MtCO2e,EG-NG-ZA
770,3861.645386,MtCO2e,EG-NG-ZA
771,800.923837,MtCO2e,KE-ZA
772,0,MtCO2e,KE-ZA
773,127.7894367,MtCO2e,KE-ZA
774,255.5788735,MtCO2e,KE-ZA
775,383.3683102,MtCO2e,KE-ZA
776,511.157747,MtCO2e,KE-ZA
777,638.9471837,MtCO2e,KE-ZA
778,766.7366204,MtCO2e,KE-ZA
779,894.5260572,MtCO2e,KE-ZA
780,1022.315494,MtCO2e,KE-ZA
781,1150.104931,MtCO2e,KE-ZA
782,1570.511569,MtCO2e,EG-KE-ZA
783,0,MtCO2e,EG-KE-ZA
784,207.1013058,MtCO2e,EG-KE-ZA
785,414.2026117,MtCO2e,EG-KE-ZA
786,621.3039175,MtCO2e,EG-KE-ZA
787,828.4052234,MtCO2e,EG-KE-ZA
788,1035.506529,MtCO2e,EG-KE-ZA
789,1242.607835,MtCO2e,EG-KE-ZA
790,1449.709141,MtCO2e,EG-KE-ZA
791,1656.810447,MtCO2e,EG-KE-ZA
792,1863.911753,MtCO2e,EG-KE-ZA
793,2436.759544,MtCO2e,EG-KE-NG-ZA
794,0,MtCO2e,EG-KE-NG-ZA
795,444.2034999,MtCO2e,EG-KE-NG-ZA
796,888.4069998,MtCO2e,EG-KE-NG-ZA
797,1332.6105,MtCO2e,EG-KE-NG-ZA
798,1776.814,MtCO2e,EG-KE-NG-ZA
799,2221.017499,MtCO2e,EG-KE-NG-ZA
800,2665.220999,MtCO2e,EG-KE-NG-ZA
801,3109.424499,MtCO2e,EG-KE-NG-ZA
802,3553.627999,MtCO2e,EG-KE-NG-ZA
803,3997.831499,MtCO2e,EG-KE-NG-ZA
804,1667.171812,MtCO2e,KE-NG-ZA
805,0,MtCO2e,KE-NG-ZA
806,364.8916308,MtCO2e,KE-NG-ZA
807,729.7832616,MtCO2e,KE-NG-ZA
808,1094.674892,MtCO2e,KE-NG-ZA
809,1459.566523,MtCO2e,KE-NG-ZA
810,1824.458154,MtCO2e,KE-NG-ZA
811,2189.349785,MtCO2e,KE-NG-ZA
812,2554.241416,MtCO2e,KE-NG-ZA
813,2919.133046,MtCO2e,KE-NG-ZA
814,3284.024677,MtCO2e,KE-NG-ZA
815,1629.331836,MtCO2e,NG-ZA
816,0,MtCO2e,NG-ZA
817,349.7598404,MtCO2e,NG-ZA
818,699.5196808,MtCO2e,NG-ZA
819,1049.279521,MtCO2e,NG-ZA
820,1399.039362,MtCO2e,NG-ZA
821,1748.799202,MtCO2e,NG-ZA
822,2098.559042,MtCO2e,NG-ZA
823,2448.318883,MtCO2e,NG-ZA
824,2798.078723,MtCO2e,NG-ZA
825,3147.838564,MtCO2e,NG-ZA
826,1200.290029,MtCO2e,BN-SG
827,1066.92447,MtCO2e,BN-SG
828,933.5589117,MtCO2e,BN-SG
829,800.1933529,MtCO2e,BN-SG
830,666.8277941,MtCO2e,BN-SG
831,533.4622352,MtCO2e,BN-SG
832,400.0966764,MtCO2e,BN-SG
833,266.7311176,MtCO2e,BN-SG
834,133.3655588,MtCO2e,BN-SG
835,0,MtCO2e,BN-SG
836,1259.621862,MtCO2e,BN-SG
837,4920.375813,MtCO2e,BN-ID-SG
838,2460.187906,MtCO2e,BN-ID-SG
839,0,MtCO2e,BN-ID-SG
840,901.0709827,MtCO2e,BN-ID-SG
841,1802.141965,MtCO2e,BN-ID-SG
842,2703.212948,MtCO2e,BN-ID-SG
843,3604.283931,MtCO2e,BN-ID-SG
844,4505.354914,MtCO2e,BN-ID-SG
845,5406.425896,MtCO2e,BN-ID-SG
846,6307.496879,MtCO2e,BN-ID-SG
847,7208.567862,MtCO2e,BN-ID-SG
848,6588.808089,MtCO2e,BN-ID-SG-TH
849,3294.404044,MtCO2e,BN-ID-SG-TH
850,0,MtCO2e,BN-ID-SG-TH
851,1148.115583,MtCO2e,BN-ID-SG-TH
852,2296.231165,MtCO2e,BN-ID-SG-TH
853,3444.346748,MtCO2e,BN-ID-SG-TH
854,4592.462331,MtCO2e,BN-ID-SG-TH
855,5740.577914,MtCO2e,BN-ID-SG-TH
856,6888.693496,MtCO2e,BN-ID-SG-TH
857,8036.809079,MtCO2e,BN-ID-SG-TH
858,9184.924662,MtCO2e,BN-ID-SG-TH
859,1708.028643,MtCO2e,BN-TH
860,854.0143217,MtCO2e,BN-TH
861,0,MtCO2e,BN-TH
862,263.8893202,MtCO2e,BN-TH
863,527.7786405,MtCO2e,BN-TH
864,791.6679607,MtCO2e,BN-TH
865,1055.557281,MtCO2e,BN-TH
866,1319.446601,MtCO2e,BN-TH
867,1583.335921,MtCO2e,BN-TH
868,1847.225242,MtCO2e,BN-TH
869,2111.114562,MtCO2e,BN-TH
870,4693.241063,MtCO2e,BN-ID
871,2346.620531,MtCO2e,BN-ID
872,0,MtCO2e,BN-ID
873,760.4629702,MtCO2e,BN-ID
874,1520.92594,MtCO2e,BN-ID
875,2281.388911,MtCO2e,BN-ID
876,3041.851881,MtCO2e,BN-ID
877,3802.314851,MtCO2e,BN-ID
878,4562.777821,MtCO2e,BN-ID
879,5323.240792,MtCO2e,BN-ID
880,6083.703762,MtCO2e,BN-ID
881,2902.74509,MtCO2e,BN-SG-TH
882,1935.163394,MtCO2e,BN-SG-TH
883,967.5816968,MtCO2e,BN-SG-TH
884,0,MtCO2e,BN-SG-TH
885,462.282666,MtCO2e,BN-SG-TH
886,924.565332,MtCO2e,BN-SG-TH
887,1386.847998,MtCO2e,BN-SG-TH
888,1849.130664,MtCO2e,BN-SG-TH
889,2311.41333,MtCO2e,BN-SG-TH
890,2773.695996,MtCO2e,BN-SG-TH
891,3235.978662,MtCO2e,BN-SG-TH
892,6361.673339,MtCO2e,BN-ID-TH
893,3180.836669,MtCO2e,BN-ID-TH
894,0,MtCO2e,BN-ID-TH
895,1007.50757,MtCO2e,BN-ID-TH
896,2015.01514,MtCO2e,BN-ID-TH
897,3022.522711,MtCO2e,BN-ID-TH
898,4030.030281,MtCO2e,BN-ID-TH
899,5037.537851,MtCO2e,BN-ID-TH
900,6045.045421,MtCO2e,BN-ID-TH
901,7052.552992,MtCO2e,BN-ID-TH
902,8060.060562,MtCO2e,BN-ID-TH
903,4012.397911,MtCO2e,KR-VN
904,2006.198956,MtCO2e,KR-VN
905,0,MtCO2e,KR-VN
906,734.1393082,MtCO2e,KR-VN
907,1468.278616,MtCO2e,KR-VN
908,2202.417925,MtCO2e,KR-VN
909,2936.557233,MtCO2e,KR-VN
910,3670.696541,MtCO2e,KR-VN
911,4404.835849,MtCO2e,KR-VN
912,5138.975157,MtCO2e,KR-VN
913,5873.114466,MtCO2e,KR-VN
914,4052.037858,MtCO2e,KR-LA-VN
915,2026.018929,MtCO2e,KR-LA-VN
916,0,MtCO2e,KR-LA-VN
917,741.707967,MtCO2e,KR-LA-VN
918,1483.415934,MtCO2e,KR-LA-VN
919,2225.123901,MtCO2e,KR-LA-VN
920,2966.831868,MtCO2e,KR-LA-VN
921,3708.539835,MtCO2e,KR-LA-VN
922,4450.247802,MtCO2e,KR-LA-VN
923,5191.955769,MtCO2e,KR-LA-VN
924,5933.663736,MtCO2e,KR-LA-VN
925,6550.505735,MtCO2e,ID-KR
926,3275.252867,MtCO2e,ID-KR
927,0,MtCO2e,ID-KR
928,1163.779471,MtCO2e,ID-KR
929,2327.558941,MtCO2e,ID-KR
930,3491.338412,MtCO2e,ID-KR
931,4655.117883,MtCO2e,ID-KR
932,5818.897354,MtCO2e,ID-KR
933,6982.676824,MtCO2e,ID-KR
934,8146.456295,MtCO2e,ID-KR
935,9310.235766,MtCO2e,ID-KR
936,4517.942056,MtCO2e,KR-PH
937,3011.961371,MtCO2e,KR-PH
938,1505.980685,MtCO2e,KR-PH
939,0,MtCO2e,KR-PH
940,706.0701094,MtCO2e,KR-PH
941,1412.140219,MtCO2e,KR-PH
942,2118.210328,MtCO2e,KR-PH
943,2824.280437,MtCO2e,KR-PH
944,3530.350547,MtCO2e,KR-PH
945,4236.420656,MtCO2e,KR-PH
946,4942.490766,MtCO2e,KR-PH
947,6071.857488,MtCO2e,KR-MY
948,4553.893116,MtCO2e,KR-MY
949,3035.928744,MtCO2e,KR-MY
950,1517.964372,MtCO2e,KR-MY
951,0,MtCO2e,KR-MY
952,1037.961461,MtCO2e,KR-MY
953,2075.922922,MtCO2e,KR-MY
954,3113.884383,MtCO2e,KR-MY
955,4151.845844,MtCO2e,KR-MY
956,5189.807305,MtCO2e,KR-MY
957,6227.768766,MtCO2e,KR-MY
958,11534.36016,MtCO2e,ID-KR-MY
959,7689.573439,MtCO2e,ID-KR-MY
960,3844.78672,MtCO2e,ID-KR-MY
961,0,MtCO2e,ID-KR-MY
962,1739.530681,MtCO2e,ID-KR-MY
963,3479.061362,MtCO2e,ID-KR-MY
964,5218.592042,MtCO2e,ID-KR-MY
965,6958.122723,MtCO2e,ID-KR-MY
966,8697.653404,MtCO2e,ID-KR-MY
967,10437.18408,MtCO2e,ID-KR-MY
968,12176.71477,MtCO2e,ID-KR-MY
969,7665.606066,MtCO2e,ID-KR-PH
970,3832.803033,MtCO2e,ID-KR-PH
971,0,MtCO2e,ID-KR-PH
972,1361.429596,MtCO2e,ID-KR-PH
973,2722.859191,MtCO2e,ID-KR-PH
974,4084.288787,MtCO2e,ID-KR-PH
975,5445.718383,MtCO2e,ID-KR-PH
976,6807.147979,MtCO2e,ID-KR-PH
977,8168.577574,MtCO2e,ID-KR-PH
978,9530.00717,MtCO2e,ID-KR-PH
979,10891.43677,MtCO2e,ID-KR-PH
980,6226.543613,MtCO2e,KR-MY-PH
981,4151.029075,MtCO2e,KR-MY-PH
982,2075.514538,MtCO2e,KR-MY-PH
983,0,MtCO2e,KR-MY-PH
984,1115.567109,MtCO2e,KR-MY-PH
985,2231.134219,MtCO2e,KR-MY-PH
986,3346.701328,MtCO2e,KR-MY-PH
987,4462.268437,MtCO2e,KR-MY-PH
988,5577.835547,MtCO2e,KR-MY-PH
989,6693.402656,MtCO2e,KR-MY-PH
990,7808.969766,MtCO2e,KR-MY-PH
991,13207.01066,MtCO2e,ID-KR-MY-PH
992,8804.67377,MtCO2e,ID-KR-MY-PH
993,4402.336885,MtCO2e,ID-KR-MY-PH
994,0,MtCO2e,ID-KR-MY-PH
995,1965.416538,MtCO2e,ID-KR-MY-PH
996,3930.833076,MtCO2e,ID-KR-MY-PH
997,5896.249614,MtCO2e,ID-KR-MY-PH
998,7861.666152,MtCO2e,ID-KR-MY-PH
999,9827.08269,MtCO2e,ID-KR-MY-PH
1000,11792.49923,MtCO2e,ID-KR-MY-PH
1001,13757.91577,MtCO2e,ID-KR-MY-PH
1002,1314.76181,MtCO2e,KH-SG
1003,1126.938694,MtCO2e,KH-SG
1004,939.1155786,MtCO2e,KH-SG
1005,751.2924629,MtCO2e,KH-SG
1006,563.4693472,MtCO2e,KH-SG
1007,375.6462314,MtCO2e,KH-SG
1008,187.8231157,MtCO2e,KH-SG
1009,0,MtCO2e,KH-SG
1010,464.69352,MtCO2e,KH-SG
1011,929.38704,MtCO2e,KH-SG
1012,1394.08056,MtCO2e,KH-SG
1013,3514.007433,MtCO2e,SG-VN
1014,2342.671622,MtCO2e,SG-VN
1015,1171.335811,MtCO2e,SG-VN
1016,0,MtCO2e,SG-VN
1017,519.5269714,MtCO2e,SG-VN
1018,1039.053943,MtCO2e,SG-VN
1019,1558.580914,MtCO2e,SG-VN
1020,2078.107886,MtCO2e,SG-VN
1021,2597.634857,MtCO2e,SG-VN
1022,3117.161829,MtCO2e,SG-VN
1023,3636.6888,MtCO2e,SG-VN
1024,4802.156176,MtCO2e,ID-KH
1025,2401.078088,MtCO2e,ID-KH
1026,0,MtCO2e,ID-KH
1027,777.2703075,MtCO2e,ID-KH
1028,1554.540615,MtCO2e,ID-KH
1029,2331.810923,MtCO2e,ID-KH
1030,3109.08123,MtCO2e,ID-KH
1031,3886.351538,MtCO2e,ID-KH
1032,4663.621845,MtCO2e,ID-KH
1033,5440.892153,MtCO2e,ID-KH
1034,6218.16246,MtCO2e,ID-KH
1035,6769.181567,MtCO2e,ID-VN
1036,3384.590783,MtCO2e,ID-VN
1037,0,MtCO2e,ID-VN
1038,1057.596338,MtCO2e,ID-VN
1039,2115.192675,MtCO2e,ID-VN
1040,3172.789013,MtCO2e,ID-VN
1041,4230.38535,MtCO2e,ID-VN
1042,5287.981688,MtCO2e,ID-VN
1043,6345.578025,MtCO2e,ID-VN
1044,7403.174363,MtCO2e,ID-VN
1045,8460.7707,MtCO2e,ID-VN
1046,3736.774655,MtCO2e,KH-SG-VN
1047,2491.183103,MtCO2e,KH-SG-VN
1048,1245.591552,MtCO2e,KH-SG-VN
1049,0,MtCO2e,KH-SG-VN
1050,557.9864657,MtCO2e,KH-SG-VN
1051,1115.972931,MtCO2e,KH-SG-VN
1052,1673.959397,MtCO2e,KH-SG-VN
1053,2231.945863,MtCO2e,KH-SG-VN
1054,2789.932329,MtCO2e,KH-SG-VN
1055,3347.918794,MtCO2e,KH-SG-VN
1056,3905.90526,MtCO2e,KH-SG-VN
1057,5029.290927,MtCO2e,ID-KH-SG
1058,2514.645463,MtCO2e,ID-KH-SG
1059,0,MtCO2e,ID-KH-SG
1060,917.87832,MtCO2e,ID-KH-SG
1061,1835.75664,MtCO2e,ID-KH-SG
1062,2753.63496,MtCO2e,ID-KH-SG
1063,3671.51328,MtCO2e,ID-KH-SG
1064,4589.3916,MtCO2e,ID-KH-SG
1065,5507.26992,MtCO2e,ID-KH-SG
1066,6425.14824,MtCO2e,ID-KH-SG
1067,7343.02656,MtCO2e,ID-KH-SG
1068,6996.316317,MtCO2e,ID-SG-VN
1069,3498.158159,MtCO2e,ID-SG-VN
1070,0,MtCO2e,ID-SG-VN
1071,1198.20435,MtCO2e,ID-SG-VN
1072,2396.4087,MtCO2e,ID-SG-VN
1073,3594.61305,MtCO2e,ID-SG-VN
1074,4792.8174,MtCO2e,ID-SG-VN
1075,5991.02175,MtCO2e,ID-SG-VN
1076,7189.2261,MtCO2e,ID-SG-VN
1077,8387.43045,MtCO2e,ID-SG-VN
1078,9585.6348,MtCO2e,ID-SG-VN
1079,6917.693048,MtCO2e,ID-KH-VN
1080,3458.846524,MtCO2e,ID-KH-VN
1081,0,MtCO2e,ID-KH-VN
1082,1091.248395,MtCO2e,ID-KH-VN
1083,2182.49679,MtCO2e,ID-KH-VN
1084,3273.745185,MtCO2e,ID-KH-VN
1085,4364.99358,MtCO2e,ID-KH-VN
1086,5456.241975,MtCO2e,ID-KH-VN
1087,6547.49037,MtCO2e,ID-KH-VN
1088,7638.738765,MtCO2e,ID-KH-VN
1089,8729.98716,MtCO2e,ID-KH-VN
1090,7144.827798,MtCO2e,ID-KH-SG-VN
1091,3572.413899,MtCO2e,ID-KH-SG-VN
1092,0,MtCO2e,ID-KH-SG-VN
1093,1231.856408,MtCO2e,ID-KH-SG-VN
1094,2463.712815,MtCO2e,ID-KH-SG-VN
1095,3695.569223,MtCO2e,ID-KH-SG-VN
1096,4927.42563,MtCO2e,ID-KH-SG-VN
1097,6159.282038,MtCO2e,ID-KH-SG-VN
1098,7391.138445,MtCO2e,ID-KH-SG-VN
1099,8622.994853,MtCO2e,ID-KH-SG-VN
1100,9854.85126,MtCO2e,ID-KH-SG-VN
1101,4693.284642,MtCO2e,ID-LA
1102,2346.642321,MtCO2e,ID-LA
1103,0,MtCO2e,ID-LA
1104,751.1869088,MtCO2e,ID-LA
1105,1502.373818,MtCO2e,ID-LA
1106,2253.560726,MtCO2e,ID-LA
1107,3004.747635,MtCO2e,ID-LA
1108,3755.934544,MtCO2e,ID-LA
1109,4507.121453,MtCO2e,ID-LA
1110,5258.308361,MtCO2e,ID-LA
1111,6009.49527,MtCO2e,ID-LA
1112,158.4726273,MtCO2e,BN-LA
1113,118.8544704,MtCO2e,BN-LA
1114,79.23631363,MtCO2e,BN-LA
1115,39.61815682,MtCO2e,BN-LA
1116,0,MtCO2e,BN-LA
1117,32.55499078,MtCO2e,BN-LA
1118,65.10998157,MtCO2e,BN-LA
1119,97.66497235,MtCO2e,BN-LA
1120,130.2199631,MtCO2e,BN-LA
1121,162.7749539,MtCO2e,BN-LA
1122,195.3299447,MtCO2e,BN-LA
1123,376.2156961,MtCO2e,BN-KH
1124,282.1617721,MtCO2e,BN-KH
1125,188.107848,MtCO2e,BN-KH
1126,94.05392402,MtCO2e,BN-KH
1127,0,MtCO2e,BN-KH
1128,67.33285578,MtCO2e,BN-KH
1129,134.6657116,MtCO2e,BN-KH
1130,201.9985674,MtCO2e,BN-KH
1131,269.3314231,MtCO2e,BN-KH
1132,336.6642789,MtCO2e,BN-KH
1133,403.9971347,MtCO2e,BN-KH
1134,4841.796123,MtCO2e,ID-KH-LA
1135,2420.898062,MtCO2e,ID-KH-LA
1136,0,MtCO2e,ID-KH-LA
1137,784.8389663,MtCO2e,ID-KH-LA
1138,1569.677933,MtCO2e,ID-KH-LA
1139,2354.516899,MtCO2e,ID-KH-LA
1140,3139.355865,MtCO2e,ID-KH-LA
1141,3924.194831,MtCO2e,ID-KH-LA
1142,4709.033798,MtCO2e,ID-KH-LA
1143,5493.872764,MtCO2e,ID-KH-LA
1144,6278.71173,MtCO2e,ID-KH-LA
1145,4732.881009,MtCO2e,BN-ID-LA
1146,2366.440504,MtCO2e,BN-ID-LA
1147,0,MtCO2e,BN-ID-LA
1148,768.0344931,MtCO2e,BN-ID-LA
1149,1536.068986,MtCO2e,BN-ID-LA
1150,2304.103479,MtCO2e,BN-ID-LA
1151,3072.137972,MtCO2e,BN-ID-LA
1152,3840.172465,MtCO2e,BN-ID-LA
1153,4608.206959,MtCO2e,BN-ID-LA
1154,5376.241452,MtCO2e,BN-ID-LA
1155,6144.275945,MtCO2e,BN-ID-LA
1156,4841.752543,MtCO2e,BN-ID-KH
1157,2420.876272,MtCO2e,BN-ID-KH
1158,0,MtCO2e,BN-ID-KH
1159,794.1178918,MtCO2e,BN-ID-KH
1160,1588.235784,MtCO2e,BN-ID-KH
1161,2382.353676,MtCO2e,BN-ID-KH
1162,3176.471567,MtCO2e,BN-ID-KH
1163,3970.589459,MtCO2e,BN-ID-KH
1164,4764.707351,MtCO2e,BN-ID-KH
1165,5558.825243,MtCO2e,BN-ID-KH
1166,6352.943135,MtCO2e,BN-ID-KH
1167,455.4955895,MtCO2e,BN-KH-LA
1168,341.6216921,MtCO2e,BN-KH-LA
1169,227.7477948,MtCO2e,BN-KH-LA
1170,113.8738974,MtCO2e,BN-KH-LA
1171,0,MtCO2e,BN-KH-LA
1172,77.42440078,MtCO2e,BN-KH-LA
1173,154.8488016,MtCO2e,BN-KH-LA
1174,232.2732024,MtCO2e,BN-KH-LA
1175,309.6976031,MtCO2e,BN-KH-LA
1176,387.1220039,MtCO2e,BN-KH-LA
1177,464.5464047,MtCO2e,BN-KH-LA
1178,4881.39249,MtCO2e,BN-ID-KH-LA
1179,2440.696245,MtCO2e,BN-ID-KH-LA
1180,0,MtCO2e,BN-ID-KH-LA
1181,801.6865506,MtCO2e,BN-ID-KH-LA
1182,1603.373101,MtCO2e,BN-ID-KH-LA
1183,2405.059652,MtCO2e,BN-ID-KH-LA
1184,3206.746202,MtCO2e,BN-ID-KH-LA
1185,4008.432753,MtCO2e,BN-ID-KH-LA
1186,4810.119304,MtCO2e,BN-ID-KH-LA
1187,5611.805854,MtCO2e,BN-ID-KH-LA
1188,6413.492405,MtCO2e,BN-ID-KH-LA
1189,4881.906864,MtCO2e,MY-VN
1190,3254.604576,MtCO2e,MY-VN
1191,1627.302288,MtCO2e,MY-VN
1192,0,MtCO2e,MY-VN
1193,768.3291,MtCO2e,MY-VN
1194,1536.6582,MtCO2e,MY-VN
1195,2304.9873,MtCO2e,MY-VN
1196,3073.3164,MtCO2e,MY-VN
1197,3841.6455,MtCO2e,MY-VN
1198,4609.9746,MtCO2e,MY-VN
1199,5378.3037,MtCO2e,MY-VN
1200,2357.415302,MtCO2e,LA-MY
1201,1768.061477,MtCO2e,LA-MY
1202,1178.707651,MtCO2e,LA-MY
1203,589.3538256,MtCO2e,LA-MY
1204,0,MtCO2e,LA-MY
1205,487.838045,MtCO2e,LA-MY
1206,975.67609,MtCO2e,LA-MY
1207,1463.514135,MtCO2e,LA-MY
1208,1951.35218,MtCO2e,LA-MY
1209,2439.190225,MtCO2e,LA-MY
1210,2927.02827,MtCO2e,LA-MY
1211,1067.098788,MtCO2e,LA-SG
1212,933.7114396,MtCO2e,LA-SG
1213,800.3240911,MtCO2e,LA-SG
1214,666.9367426,MtCO2e,LA-SG
1215,533.5493941,MtCO2e,LA-SG
1216,400.1620455,MtCO2e,LA-SG
1217,266.774697,MtCO2e,LA-SG
1218,133.3873485,MtCO2e,LA-SG
1219,0,MtCO2e,LA-SG
1220,592.706685,MtCO2e,LA-SG
1221,1185.41337,MtCO2e,LA-SG
1222,4941.366784,MtCO2e,LA-MY-VN
1223,3294.244523,MtCO2e,LA-MY-VN
1224,1647.122261,MtCO2e,LA-MY-VN
1225,0,MtCO2e,LA-MY-VN
1226,776.9789957,MtCO2e,LA-MY-VN
1227,1553.957991,MtCO2e,LA-MY-VN
1228,2330.936987,MtCO2e,LA-MY-VN
1229,3107.915983,MtCO2e,LA-MY-VN
1230,3884.894979,MtCO2e,LA-MY-VN
1231,4661.873974,MtCO2e,LA-MY-VN
1232,5438.85297,MtCO2e,LA-MY-VN
1233,5222.608989,MtCO2e,MY-SG-VN
1234,3481.739326,MtCO2e,MY-SG-VN
1235,1740.869663,MtCO2e,MY-SG-VN
1236,0,MtCO2e,MY-SG-VN
1237,929.0239714,MtCO2e,MY-SG-VN
1238,1858.047943,MtCO2e,MY-SG-VN
1239,2787.071914,MtCO2e,MY-SG-VN
1240,3716.095886,MtCO2e,MY-SG-VN
1241,4645.119857,MtCO2e,MY-SG-VN
1242,5574.143829,MtCO2e,MY-SG-VN
1243,6503.1678,MtCO2e,MY-SG-VN
1244,3573.467353,MtCO2e,LA-SG-VN
1245,2382.311569,MtCO2e,LA-SG-VN
1246,1191.155784,MtCO2e,LA-SG-VN
1247,0,MtCO2e,LA-SG-VN
1248,528.1768671,MtCO2e,LA-SG-VN
1249,1056.353734,MtCO2e,LA-SG-VN
1250,1584.530601,MtCO2e,LA-SG-VN
1251,2112.707469,MtCO2e,LA-SG-VN
1252,2640.884336,MtCO2e,LA-SG-VN
1253,3169.061203,MtCO2e,LA-SG-VN
1254,3697.23807,MtCO2e,LA-SG-VN
1255,3514.606004,MtCO2e,LA-MY-SG
1256,2811.684803,MtCO2e,LA-MY-SG
1257,2108.763602,MtCO2e,LA-MY-SG
1258,1405.842401,MtCO2e,LA-MY-SG
1259,702.9212007,MtCO2e,LA-MY-SG
1260,0,MtCO2e,LA-MY-SG
1261,810.378474,MtCO2e,LA-MY-SG
1262,1620.756948,MtCO2e,LA-MY-SG
1263,2431.135422,MtCO2e,LA-MY-SG
1264,3241.513896,MtCO2e,LA-MY-SG
1265,4051.89237,MtCO2e,LA-MY-SG
1266,5282.06891,MtCO2e,LA-MY-SG-VN
1267,3521.379273,MtCO2e,LA-MY-SG-VN
1268,1760.689637,MtCO2e,LA-MY-SG-VN
1269,0,MtCO2e,LA-MY-SG-VN
1270,937.6738671,MtCO2e,LA-MY-SG-VN
1271,1875.347734,MtCO2e,LA-MY-SG-VN
1272,2813.021601,MtCO2e,LA-MY-SG-VN
1273,3750.695469,MtCO2e,LA-MY-SG-VN
1274,4688.369336,MtCO2e,LA-MY-SG-VN
1275,5626.043203,MtCO2e,LA-MY-SG-VN
1276,6563.71707,MtCO2e,LA-MY-SG-VN
1277,1154.696698,MtCO2e,BN-PH
1278,577.3483491,MtCO2e,BN-PH
1279,0,MtCO2e,BN-PH
1280,214.4977093,MtCO2e,BN-PH
1281,428.9954187,MtCO2e,BN-PH
1282,643.493128,MtCO2e,BN-PH
1283,857.9908374,MtCO2e,BN-PH
1284,1072.488547,MtCO2e,BN-PH
1285,1286.986256,MtCO2e,BN-PH
1286,1501.483965,MtCO2e,BN-PH
1287,1715.981675,MtCO2e,BN-PH
1288,2946.660178,MtCO2e,BN-MY
1289,2357.328143,MtCO2e,BN-MY
1290,1767.996107,MtCO2e,BN-MY
1291,1178.664071,MtCO2e,BN-MY
1292,589.3320357,MtCO2e,BN-MY
1293,0,MtCO2e,BN-MY
1294,600.2519349,MtCO2e,BN-MY
1295,1200.50387,MtCO2e,BN-MY
1296,1800.755805,MtCO2e,BN-MY
1297,2401.00774,MtCO2e,BN-MY
1298,3001.259675,MtCO2e,BN-MY
1299,2783.532607,MtCO2e,PH-TH
1300,1391.766304,MtCO2e,PH-TH
1301,0,MtCO2e,PH-TH
1302,444.694725,MtCO2e,PH-TH
1303,889.38945,MtCO2e,PH-TH
1304,1334.084175,MtCO2e,PH-TH
1305,1778.7789,MtCO2e,PH-TH
1306,2223.473625,MtCO2e,PH-TH
1307,2668.16835,MtCO2e,PH-TH
1308,3112.863075,MtCO2e,PH-TH
1309,3557.5578,MtCO2e,PH-TH
1310,4211.249971,MtCO2e,MY-TH
1311,2807.49998,MtCO2e,MY-TH
1312,1403.74999,MtCO2e,MY-TH
1313,0,MtCO2e,MY-TH
1314,691.8336857,MtCO2e,MY-TH
1315,1383.667371,MtCO2e,MY-TH
1316,2075.501057,MtCO2e,MY-TH
1317,2767.334743,MtCO2e,MY-TH
1318,3459.168429,MtCO2e,MY-TH
1319,4151.002114,MtCO2e,MY-TH
1320,4842.8358,MtCO2e,MY-TH
1321,2823.128974,MtCO2e,BN-PH-TH
1322,1411.564487,MtCO2e,BN-PH-TH
1323,0,MtCO2e,BN-PH-TH
1324,461.5423093,MtCO2e,BN-PH-TH
1325,923.0846187,MtCO2e,BN-PH-TH
1326,1384.626928,MtCO2e,BN-PH-TH
1327,1846.169237,MtCO2e,BN-PH-TH
1328,2307.711547,MtCO2e,BN-PH-TH
1329,2769.253856,MtCO2e,BN-PH-TH
1330,3230.796165,MtCO2e,BN-PH-TH
1331,3692.338475,MtCO2e,BN-PH-TH
1332,4270.644521,MtCO2e,BN-MY-TH
1333,2847.096347,MtCO2e,BN-MY-TH
1334,1423.548174,MtCO2e,BN-MY-TH
1335,0,MtCO2e,BN-MY-TH
1336,711.0880678,MtCO2e,BN-MY-TH
1337,1422.176136,MtCO2e,BN-MY-TH
1338,2133.264203,MtCO2e,BN-MY-TH
1339,2844.352271,MtCO2e,BN-MY-TH
1340,3555.440339,MtCO2e,BN-MY-TH
1341,4266.528407,MtCO2e,BN-MY-TH
1342,4977.616475,MtCO2e,BN-MY-TH
1343,3440.646604,MtCO2e,BN-MY-PH
1344,2293.764403,MtCO2e,BN-MY-PH
1345,1146.882201,MtCO2e,BN-MY-PH
1346,0,MtCO2e,BN-MY-PH
1347,654.6372392,MtCO2e,BN-MY-PH
1348,1309.274478,MtCO2e,BN-MY-PH
1349,1963.911718,MtCO2e,BN-MY-PH
1350,2618.548957,MtCO2e,BN-MY-PH
1351,3273.186196,MtCO2e,BN-MY-PH
1352,3927.823435,MtCO2e,BN-MY-PH
1353,4582.460675,MtCO2e,BN-MY-PH
1354,5883.900467,MtCO2e,MY-PH-TH
1355,3922.600312,MtCO2e,MY-PH-TH
1356,1961.300156,MtCO2e,MY-PH-TH
1357,0,MtCO2e,MY-PH-TH
1358,917.7195429,MtCO2e,MY-PH-TH
1359,1835.439086,MtCO2e,MY-PH-TH
1360,2753.158629,MtCO2e,MY-PH-TH
1361,3670.878171,MtCO2e,MY-PH-TH
1362,4588.597714,MtCO2e,MY-PH-TH
1363,5506.317257,MtCO2e,MY-PH-TH
1364,6424.0368,MtCO2e,MY-PH-TH
1365,5943.295018,MtCO2e,BN-MY-PH-TH
1366,3962.196679,MtCO2e,BN-MY-PH-TH
1367,1981.098339,MtCO2e,BN-MY-PH-TH
1368,0,MtCO2e,BN-MY-PH-TH
1369,936.973925,MtCO2e,BN-MY-PH-TH
1370,1873.94785,MtCO2e,BN-MY-PH-TH
1371,2810.921775,MtCO2e,BN-MY-PH-TH
1372,3747.8957,MtCO2e,BN-MY-PH-TH
1373,4684.869625,MtCO2e,BN-MY-PH-TH
1374,5621.84355,MtCO2e,BN-MY-PH-TH
1375,6558.817475,MtCO2e,BN-MY-PH-TH
1376,0,MtCO2e,DE
1377,0.003175,MtCO2e,DE
1378,0.00635,MtCO2e,DE
1379,0.009525,MtCO2e,DE
1380,0.012701,MtCO2e,DE
1381,0.015876,MtCO2e,DE
1382,0.019051,MtCO2e,DE
1383,0.022226,MtCO2e,DE
1384,0.025401,MtCO2e,DE
1385,0.028576,MtCO2e,DE
1386,0.031751,MtCO2e,DE
1387,0,MtCO2e,SA
1388,1.37E+03,MtCO2e,SA
1389,2.74E+03,MtCO2e,SA
1390,4.11E+03,MtCO2e,SA
1391,5.48E+03,MtCO2e,SA
1392,6.85E+03,MtCO2e,SA
1393,8.22E+03,MtCO2e,SA
1394,9.59E+03,MtCO2e,SA
1395,1.10E+04,MtCO2e,SA
1396,1.23E+04,MtCO2e,SA
1397,1.35E+04,MtCO2e,SA
1398,0,MtCO2e,AU
1399,194.26411,MtCO2e,AU
1400,388.528221,MtCO2e,AU
1401,577.647119,MtCO2e,AU
1402,582.792331,MtCO2e,AU
1403,777.056441,MtCO2e,AU
1404,971.320552,MtCO2e,AU
1405,1.16E+03,MtCO2e,AU
1406,1.17E+03,MtCO2e,AU
1407,1.36E+03,MtCO2e,AU
1408,1.55E+03,MtCO2e,AU
1409,0,MtCO2e,IN
1410,1.04E+04,MtCO2e,IN
1411,2.08E+04,MtCO2e,IN
1412,3.12E+04,MtCO2e,IN
1413,4.17E+04,MtCO2e,IN
1414,5.21E+04,MtCO2e,IN
1415,6.25E+04,MtCO2e,IN
1416,7.29E+04,MtCO2e,IN
1417,8.33E+04,MtCO2e,IN
1418,9.37E+04,MtCO2e,IN
1419,1.04E+05,MtCO2e,IN
1420,0,MtCO2e,TR
1421,803.275624,MtCO2e,TR
1422,1.61E+03,MtCO2e,TR
1423,2.41E+03,MtCO2e,TR
1424,3.21E+03,MtCO2e,TR
1425,4.02E+03,MtCO2e,TR
1426,4.82E+03,MtCO2e,TR
1427,5.62E+03,MtCO2e,TR
1428,6.43E+03,MtCO2e,TR
1429,7.23E+03,MtCO2e,TR
1430,8.03E+03,MtCO2e,TR
1431,0,MtCO2e,MM
1432,54.075765,MtCO2e,MM
1433,108.15153,MtCO2e,MM
1434,162.227296,MtCO2e,MM
1435,216.303061,MtCO2e,MM
1436,270.378826,MtCO2e,MM
1437,324.454591,MtCO2e,MM
1438,378.530356,MtCO2e,MM
1439,432.606121,MtCO2e,MM
1440,486.681887,MtCO2e,MM
1441,540.757652,MtCO2e,MM
1442,0,MtCO2e,JP
1443,1.92E+03,MtCO2e,JP
1444,3.83E+03,MtCO2e,JP
1445,5.75E+03,MtCO2e,JP
1446,7.67E+03,MtCO2e,JP
1447,9.59E+03,MtCO2e,JP
1448,1.15E+04,MtCO2e,JP
1449,1.34E+04,MtCO2e,JP
1450,1.53E+04,MtCO2e,JP
1451,1.73E+04,MtCO2e,JP
1452,1.92E+04,MtCO2e,JP
1453,0,MtCO2e,FR
1454,148.566019,MtCO2e,FR
1455,297.132038,MtCO2e,FR
1456,445.698057,MtCO2e,FR
1457,594.264076,MtCO2e,FR
1458,742.830095,MtCO2e,FR
1459,891.396114,MtCO2e,FR
1460,1.04E+03,MtCO2e,FR
1461,1.19E+03,MtCO2e,FR
1462,1.34E+03,MtCO2e,FR
1463,1.41E+03,MtCO2e,FR
1464,0,MtCO2e,RU
1465,2.51E+03,MtCO2e,RU
1466,5.02E+03,MtCO2e,RU
1467,7.53E+03,MtCO2e,RU
1468,1.00E+04,MtCO2e,RU
1469,1.25E+04,MtCO2e,RU
1470,1.51E+04,MtCO2e,RU
1471,1.76E+04,MtCO2e,RU
1472,2.01E+04,MtCO2e,RU
1473,2.26E+04,MtCO2e,RU
1474,2.51E+04,MtCO2e,RU
1475,0,MtCO2e,US
1476,6.74E+03,MtCO2e,US
1477,1.35E+04,MtCO2e,US
1478,2.02E+04,MtCO2e,US
1479,2.70E+04,MtCO2e,US
1480,3.37E+04,MtCO2e,US
1481,4.04E+04,MtCO2e,US
1482,4.72E+04,MtCO2e,US
1483,5.39E+04,MtCO2e,US
1484,6.07E+04,MtCO2e,US
1485,6.71E+04,MtCO2e,US
1486,0,MtCO2e,CN
1487,136.471749,MtCO2e,CN
1488,272.943499,MtCO2e,CN
1489,409.415248,MtCO2e,CN
1490,545.886998,MtCO2e,CN
1491,682.358747,MtCO2e,CN
1492,818.830496,MtCO2e,CN
1493,955.302246,MtCO2e,CN
1494,1.09E+03,MtCO2e,CN
1495,1.23E+03,MtCO2e,CN
1496,1.36E+03,MtCO2e,CN